model,rmse,mae,r2
linear_regression,6.885005336442087,5.635086749521952,0.4279790921708293
lgbm,4.04404991001702,2.7327123347462847,0.8026503528850258
rf,3.896274002744987,2.5204090103129695,0.8168097640793621
xgboost,3.989648671980853,2.5755435525873116,0.8079242014731722
